location;name;category;companyUrl;description;followerCount
Cuiabá, Mato Grosso;Síndico Legal;Companies;https://www.linkedin.com/company/sindicolegal/;Serviços jurídicos • Cuiabá, Mato Grosso;3 mil
São Paulo;Síndico do Prédio;Companies;https://www.linkedin.com/company/sindico-do-predio/;Serviços individuais e familiares • São Paulo;801
Taguatinga, Distrito Federal;Canal Super Síndico - Mailza Santos;Companies;https://www.linkedin.com/company/canalsupersindico/;Provedores de e-Learning • Taguatinga, Distrito Federal;2 mil
São Paulo;Síndico 5 Estrelas;Companies;https://www.linkedin.com/company/sindico-5-estrelas/;Setor imobiliário • São Paulo;527
São Paulo, SP;Mister Síndico;Companies;https://www.linkedin.com/company/mister-s%C3%ADndico/;Administração de serviços • São Paulo, SP;1 mil
;SINDICO PROFISSIONAL;Companies;https://www.linkedin.com/company/sindico-profissional/;;3 mil
;Sindico Online Gestão Condominial;Companies;https://www.linkedin.com/company/sindico-online-gest%C3%A3o-condominial/;;370
São Paulo, São Paulo;Assosindicos - A Casa do Síndico;Companies;https://www.linkedin.com/company/assosindicos-a-casa-do-sindico/;Organizações cívicas e sociais • São Paulo, São Paulo;542
Capão da Canoa, Rio Grande do Sul;CF Condomínios - Síndico Profissional;Companies;https://www.linkedin.com/company/cfcondom%C3%ADnios/;Administração de serviços • Capão da Canoa, Rio Grande do Sul;527
São Paulo;O Síndico Gestão de Condominio ltda-me;Companies;https://www.linkedin.com/company/o-s-ndico-gest-o-de-condominio-ltda-me/;Administração de serviços • São Paulo;437
Rio de Janeiro;Sindico RIO;Companies;https://www.linkedin.com/company/sindicorio/;Administração de serviços • Rio de Janeiro;144
;SINDICO;Companies;https://www.linkedin.com/company/sindico/;Beringen;186
Ikast, Ikast;Sindico Group A/S;Companies;https://www.linkedin.com/company/sindico-group-a-s/;Capital de risco e participações privadas • Ikast, Ikast;661
São Paulo, sp;Sindico Científico;Companies;https://www.linkedin.com/company/sindico-cient%C3%ADfico/;Setor imobiliário • São Paulo, sp;87
São Paulo, São Paulo;HModesto Consultoria ao Síndico Morador;Companies;https://www.linkedin.com/company/hmodesto-sindico-profissional/;Consultoria e serviços empresariais • São Paulo, São Paulo;249
São Paulo, SP;Alpine Síndico Profissional e Administração de Portfólio;Companies;https://www.linkedin.com/company/alpine-administracao-de-imoveis/;Setor imobiliário • São Paulo, SP;235
NOVA LIMA, MG;Síndico Além da Gestão;Companies;https://www.linkedin.com/company/o-sindico-e-a-engenharia/;Obras de infra-estrutura • NOVA LIMA, MG;75
São Caetano do Sul, SP;ABC Síndico Profissional;Companies;https://www.linkedin.com/company/abcsindicoprofissional/;Administração de serviços • São Caetano do Sul, SP;201
;Síndico TV;Companies;https://www.linkedin.com/company/s-ndico-tv/;Tecnologia, Informação e Internet;473
São Paulo, São Paulo;PR Síndico Profissional;Companies;https://www.linkedin.com/company/pr-sindico-profissional/;Administração de serviços • São Paulo, São Paulo;188
São Paulo, SP;Síndico Inova | Síndico Profissional;Companies;https://www.linkedin.com/company/sindicoinova/;Administração de serviços • São Paulo, SP;71
;profi-sindico assessoria condominial;Companies;https://www.linkedin.com/company/profi-sindico-assessoria-condominial/;Administração de serviços;193
São Paulo, SP;Sou Seu Síndico - Sindicatura Profissional;Companies;https://www.linkedin.com/company/souseusindico/;Administração de serviços • São Paulo, SP;195
São Paulo, SP;Construindo Um Síndico;Companies;https://www.linkedin.com/company/construindo-um-sindico/;Treinamento profissional e Coaching • São Paulo, SP;194
Brasília, DF;Jornal do Síndico DF;Companies;https://www.linkedin.com/company/jornaldosindicodf/;Notícias on-line • Brasília, DF;183
Belo horizonte, MG;Sr. Síndico Administração de Condomínios;Companies;https://www.linkedin.com/company/srsindico/;Administração de serviços • Belo horizonte, MG;162
Campinas, São Paulo;Soluciona Síndico;Companies;https://www.linkedin.com/company/soluciona-s%C3%ADndico/;Administração de serviços • Campinas, São Paulo;164
SAO PAULO, SP;Pró-Síndico Capacitação;Companies;https://www.linkedin.com/company/prosindicooficial/;Programas de administração educacional • SAO PAULO, SP;162
Rio de Janeiro, RJ;Seu Síndico Profissional;Companies;https://www.linkedin.com/company/seu-s%C3%ADndico-profissional/;Setor imobiliário • Rio de Janeiro, RJ;158
São Paulo, São Paulo;LA Borges - Sindico Profissional;Companies;https://www.linkedin.com/company/la-borges-sindico-profissional/;Administração de serviços • São Paulo, São Paulo;163
São Paulo;NS Síndico Profissional;Companies;https://www.linkedin.com/company/sindicoprofissional/;Administração de serviços • São Paulo;149
São Paulo;JJ CONSULTORIA SINDICO PROFISSIONAL;Companies;https://www.linkedin.com/company/jj-consultoria-sindico-profissional/;Consultoria e serviços empresariais • São Paulo;135
Ribeirão Preto, São Paulo;Síndico Ribeirão;Companies;https://www.linkedin.com/company/sindicoribeirao/;Administração de serviços • Ribeirão Preto, São Paulo;45
Americana;Canal do Síndico;Companies;https://www.linkedin.com/company/canaldosindico/;Administração pública • Americana;118
Belo Horizonte, Minas Gerais;Marco Antônio - Síndico Profissional;Companies;https://www.linkedin.com/company/marcoant%C3%B4nio-s%C3%ADndicoprofissional/;Administração de serviços • Belo Horizonte, Minas Gerais;121
Florianópolis, Santa Catarina;Casa do Síndico;Companies;https://www.linkedin.com/company/casadosindicobr/;Administração de serviços • Florianópolis, Santa Catarina;95
São Paulo;Skyliner - Síndico Profissional;Companies;https://www.linkedin.com/company/skyliner-sindico-profissional/;Administração de serviços • São Paulo;119
Goiânia, Goias;Casa do Síndico;Companies;https://www.linkedin.com/company/casa-do-s%C3%ADndico/;Suprimentos e equipamentos comerciais • Goiânia, Goias;96
São Paulo, São Paulo;GPM Consultoria - Síndico Profissional e Administração;Companies;https://www.linkedin.com/company/gpms%C3%ADndicoprofissional/;Administração de serviços • São Paulo, São Paulo;99
São Paulo, São Paulo;Falavigna Condominial e Síndico Profissional;Companies;https://www.linkedin.com/company/falavigna-condominial/;Administração de serviços • São Paulo, São Paulo;100
São Paulo;DSP Síndico Profissional;Companies;https://www.linkedin.com/company/dspsindicoprofissional/;Administração de serviços • São Paulo;93
São Paulo;Sttratégia Síndico Profissional;Companies;https://www.linkedin.com/company/sttrat%C3%A9gia-s%C3%ADndico-profissional/;Setor imobiliário • São Paulo;80
Goiânia, GO;Mural do Síndico;Companies;https://www.linkedin.com/company/mural-do-sindico/;Serviços de publicidade • Goiânia, GO;66
Recife, Pernambuco;Síndico Prime;Companies;https://www.linkedin.com/company/sindicoprime/;Consultoria e serviços empresariais • Recife, Pernambuco;18
São Paulo;Fala Síndico Brasil;Companies;https://www.linkedin.com/company/falasindicobrasil/;Mídia de áudio e vídeo on-line • São Paulo;55
Belo Horizonte, Minas Gerais;Seu Síndico;Companies;https://www.linkedin.com/company/seu-s%C3%ADndico/;Administração de serviços • Belo Horizonte, Minas Gerais;62
Petrópolis, RJ;HG Home Gestão Condominial - Síndico Profissional;Companies;https://www.linkedin.com/company/homegestaocondominial/;Administração de serviços • Petrópolis, RJ;70
;Síndico Curitiba;Companies;https://www.linkedin.com/company/s%C3%ADndico-curitiba/;Administração de serviços;150
;HK Sindico Profissional;Companies;https://www.linkedin.com/company/hk-sindico-profissional/;Administração de serviços;372
São Paulo;Nosso Sindico.com;Companies;https://www.linkedin.com/company/nossosindico-com/;Obras de infra-estrutura • São Paulo;50
Rio de Janeiro;Guilherme T. ARM Síndico Profissional;Companies;https://www.linkedin.com/company/guitavaressindico/;Administração de serviços • Rio de Janeiro;55
;Síndico.in;Companies;https://www.linkedin.com/company/sindico-in/;Tecnologia, Informação e Internet;117
Santo Ângelo , Rio Grande do Sul;Vanguarda Administração de Condomínios e Síndico Profissional;Companies;https://www.linkedin.com/company/vanguardacondominios/;Administração de serviços • Santo Ângelo , Rio Grande do Sul;46
São Paulo, SP;Mestre Síndico;Companies;https://www.linkedin.com/company/mestres%C3%ADndico/;Consultoria e serviços empresariais • São Paulo, SP;42
Santos, SP;Toca no Síndico;Companies;https://www.linkedin.com/company/tocanosindico/;Administração de serviços • Santos, SP;40
Juiz de Fora, Minas Gerais;Bruno Castilho - Síndico Profissional;Companies;https://www.linkedin.com/company/bruno-casrtilho-s%C3%ADndico-profissional/;Administração de serviços • Juiz de Fora, Minas Gerais;39
São José dos Campos, SP;Marcelo Rodrigues Sindico Profissional;Companies;https://www.linkedin.com/company/marcelo-rodrigues-sindico-profissional/;Administração de serviços • São José dos Campos, SP;40
São Paulo, SP;Alexandre De Vivo Síndico Profissional;Companies;https://www.linkedin.com/company/avsindpro/;Administração de serviços • São Paulo, SP;39
;Gesta Patrimonial - Síndico Profissional;Companies;https://www.linkedin.com/company/gesta-patrimonial---s%C3%ADndico-profissional/;;274
São Paulo, São Paulo;Porto De Vasconcellos - Síndico Profissiona;Companies;https://www.linkedin.com/company/porto-de-vasconcellos-s%C3%ADndico-profissiona/;Consultoria e serviços empresariais • São Paulo, São Paulo;39
São Paulo, São Paulo;L.A. Síndico Profissional;Companies;https://www.linkedin.com/company/l-a-s%C3%ADndico-profissional/;Administração de serviços • São Paulo, São Paulo;38
Rio de Janeiro, RJ;Expo Sindico;Companies;https://www.linkedin.com/company/expo-sindico/;Serviços de publicidade • Rio de Janeiro, RJ;36
Itapema;JVA Síndico Profissional;Companies;https://www.linkedin.com/company/jva-s%C3%ADndico-profissional/;Serviços jurídicos • Itapema;34
Caxias do Sul, Rio Grande do Sul;Sindicosserra - Síndico Profissional;Companies;https://www.linkedin.com/company/sindicosserra-s%C3%ADndico-profissional/;Setor imobiliário • Caxias do Sul, Rio Grande do Sul;11
Salvador, BAHIA;Síndico Agile;Companies;https://www.linkedin.com/company/sindicoagile/;Administração de serviços • Salvador, BAHIA;10
São Paulo, SP;SUPORTE ORGANIZACIONAL apoio operacional ao síndico;Companies;https://www.linkedin.com/company/suporteorganizacional/;Administração de serviços • São Paulo, SP;29
;Sindico APP;Companies;https://www.linkedin.com/company/sindico-app/;Tecnologia da informação e serviços;65
;Síndico.in;Companies;https://www.linkedin.com/company/sindicoin/;Setor imobiliário;60
São Gonçalo , Rio de Janeiro;ABC do Síndico;Companies;https://www.linkedin.com/company/abcdosindicobr/;Consultoria e serviços empresariais • São Gonçalo , Rio de Janeiro;11
Taubaté, SP;GRS ADMINISTRAÇÃO DE CONDOMINIOS e SINDICO PROFISSIONAL;Companies;https://www.linkedin.com/company/grs-administra%C3%A7%C3%A3o-de-condominios/;Administração de serviços • Taubaté, SP;165
Campinas, São Paulo;Espaço Síndico;Companies;https://www.linkedin.com/company/espacosindico/;Serviços administrativos e de suporte • Campinas, São Paulo;23
Juiz de Fora, Minas Gerais;Solução Síndico Profissional;Companies;https://www.linkedin.com/company/solu%C3%A7%C3%A3o-s%C3%ADndico-profissional/;Administração de serviços • Juiz de Fora, Minas Gerais;25
Belo Horizonte, Minas Gerais;Comsind - Companhia Do Sindico;Companies;https://www.linkedin.com/company/comsind---companhia-do-sindico/;Locações não residenciais • Belo Horizonte, Minas Gerais;67
Belo Horizonte, Minas Gerais;Gleiderson Síndico Profissional;Companies;https://www.linkedin.com/company/gleiderson-s%C3%ADndico-profissional/;Administração de serviços • Belo Horizonte, Minas Gerais;23
Rio de Janeiro;Seu Síndico Online;Companies;https://www.linkedin.com/company/seu-s%C3%ADndico-online/;Administração de serviços • Rio de Janeiro;19
Fortaleza, CE;A E SINDICO PROFISSIONAL;Companies;https://www.linkedin.com/company/a-e-sindico-profissional/;Administração de serviços • Fortaleza, CE;16
Curitiba, Paraná;Vida De Síndico;Companies;https://www.linkedin.com/company/vidadesindico/;Desenvolvimento de software • Curitiba, Paraná;80
Cascavel, Paraná;TOP Síndico - Síndico Profissional;Companies;https://www.linkedin.com/company/top-s%C3%ADndico-s%C3%ADndico-profissional/;Consultoria e serviços empresariais • Cascavel, Paraná;13
Rio de Janeiro, Rio de Janeiro;Club do Síndico;Companies;https://www.linkedin.com/company/club-do-sindico/;Provedores de e-Learning • Rio de Janeiro, Rio de Janeiro;9
Niterói;Síndico Profissional;Companies;https://www.linkedin.com/company/s%C3%ADndico-profissional/;Contabilidade • Niterói;16
Sao Paulo, São Paulo;Felipe Bonavite - Sindico Profissional;Companies;https://www.linkedin.com/company/felipe-bonavite---sindico-profissional/;Locações não residenciais • Sao Paulo, São Paulo;37
São Caetano do Sul;Semana do síndico;Companies;https://www.linkedin.com/company/semana-do-s%C3%ADndico/;Produção de mídia • São Caetano do Sul;10
Salvador, Bahia;G&A Síndico Profissional;Companies;https://www.linkedin.com/company/gasindicoprofissional/;Administração de serviços • Salvador, Bahia;5
Goiânia;Pró Síndico Cobrança de Condomínios Ltda.;Companies;https://www.linkedin.com/company/pr%C3%B3-s%C3%ADndico-cobran%C3%A7a-de-condom%C3%ADnios-ltda./;Setor imobiliário • Goiânia;26
;Sindico Online Serviços Ltda;Companies;https://www.linkedin.com/company/sindico-online-servi%C3%A7os-ltda/;;18
;Expo Síndico;Companies;https://www.linkedin.com/company/expos%C3%ADndico/;Entretenimento;44
;Sindico Online Servi?os Ltda;Companies;https://www.linkedin.com/company/sindico-online-servi%CC%A4os-ltda/;;15
;Revista Síndico;Companies;https://www.linkedin.com/company/revista-s%C3%ADndico/;Setor imobiliário;33
;GPM Consultoria - Síndico Profissional e Administração;Companies;https://www.linkedin.com/company/gpmconsultoria/;;43
Rio De Janeiro, Rj;Dac Sindico Profissional;Companies;https://www.linkedin.com/company/dac-sindico-profissional/;Serviços de eletricidade, gás, água e esgoto • Rio De Janeiro, Rj;31
Anapolis, Goiás;Zello Condominios Sindico Profissional;Companies;https://www.linkedin.com/company/zello-condominios-sindico-profissional/;Serviços de eletricidade, gás, água e esgoto • Anapolis, Goiás;31
São Paulo, São Paulo;O Sindico Gestao De Condominios;Companies;https://www.linkedin.com/company/o-sindico-gestao-de-condominios/;Serviços de eletricidade, gás, água e esgoto • São Paulo, São Paulo;26
;Studio Legale SIndico-Serantoni;Companies;https://www.linkedin.com/company/studio-legale-sindico-serantoni/;;25
Santos;Síndico Service;Companies;https://www.linkedin.com/company/s%C3%ADndico-service/;Setor imobiliário • Santos;9
Hortolândia;Síndico Profissional em Hortolandia/SP;Companies;https://www.linkedin.com/company/s%C3%ADndico-profissional-em-hortolandia-sp/;Setor imobiliário • Hortolândia;9
Belo Horizonte, Minas Gerais;Lmx - Sindico Service;Companies;https://www.linkedin.com/company/lmx---sindico-service/;Imóveis comerciais • Belo Horizonte, Minas Gerais;22
Sao Paulo, São Paulo;O Sindico;Companies;https://www.linkedin.com/company/o-sindico/;Serviços de eletricidade, gás, água e esgoto • Sao Paulo, São Paulo;25
Taubate, São Paulo;Agencia Taubate Servicos Auxiliares Ao Sindico;Companies;https://www.linkedin.com/company/agencia-taubate-servicos-auxiliares-ao-sindico/;Serviços de eletricidade, gás, água e esgoto • Taubate, São Paulo;26
São José dos Pinhais;Síndico Geison Mattos;Companies;https://www.linkedin.com/company/s%C3%ADndico-geison-mattos/;Consultoria e serviços empresariais • São José dos Pinhais;8
Salvador;Síndico Profissional em Salvador;Companies;https://www.linkedin.com/company/s%C3%ADndico-profissional-em-salvador/;Setor imobiliário • Salvador;8
Porto Alegre, Rs;Casa Do Sindico;Companies;https://www.linkedin.com/company/casa-do-sindico/;Varejo • Porto Alegre, Rs;17
;Sou Sindico;Companies;https://www.linkedin.com/company/sou-sindico/;Sao Paulo, Sp;20
Curitiba, Paraná;Vida De Sindico;Companies;https://www.linkedin.com/company/vida-de-sindico/;Desenvolvimento de software • Curitiba, Paraná;18
;Profi-Sindico;Companies;https://www.linkedin.com/company/profi-sindico/;;17
;alô síndico;Companies;https://www.linkedin.com/company/al%C3%B4-s%C3%ADndico/;Obras de infra-estrutura;18
Brasília;Jornal do Síndico;Companies;https://www.linkedin.com/company/jornal-do-s%C3%ADndico/;Publicação de livros e periódicos • Brasília;9
;Sr. Síndico Profissional;Companies;https://www.linkedin.com/company/sr-s%C3%ADndico-profissional/;Setor imobiliário;17
Contagem, Mg;SOS do SÍNDICO Administradora E Conservadora De Condomínios;Companies;https://www.linkedin.com/company/sos-do-s%C3%ADndico-administradora-e-conservadora-de-condom%C3%ADnios/;Serviços de eletricidade, gás, água e esgoto • Contagem, Mg;10
São José dos Campos, São Paulo;Agencia Aquarius Servicos Auxiliares Ao Sindico;Companies;https://www.linkedin.com/company/agencia-aquarius-servicos-auxiliares-ao-sindico/;Serviços de eletricidade, gás, água e esgoto • São José dos Campos, São Paulo;13
Belo Horizonte, Mg;Bilbor Protecoes - Casa Do Sindico Bh;Companies;https://www.linkedin.com/company/bilbor-protecoes---casa-do-sindico-bh/;Fabricação de máquinas industriais • Belo Horizonte, Mg;14
Belo Horizonte, Minas Gerais;Agencia Belo Horizonte Servicos Auxiliares Ao Sindico;Companies;https://www.linkedin.com/company/agencia-belo-horizonte-servicos-auxiliares-ao-sindico/;Serviços de eletricidade, gás, água e esgoto • Belo Horizonte, Minas Gerais;17
Sao Paulo, Sp;Lab Prestacao De Servicos De Sindico Profissional;Companies;https://www.linkedin.com/company/lab-prestacao-de-servicos-de-sindico-profissional/;Segurança e investigações • Sao Paulo, Sp;16
Belo Horizonte;Doutor Síndico;Companies;https://www.linkedin.com/company/doutor-s%C3%ADndico/;Setor imobiliário • Belo Horizonte;11
;Olho no Síndico;Companies;https://www.linkedin.com/company/olho-no-s%C3%ADndico/;Serviços e consultoria de TI;14
Brasília, Distrito Federal;Portal Síndico Profissional;Companies;https://www.linkedin.com/company/portal-s%C3%ADndico-profissional/;Serviços individuais e familiares • Brasília, Distrito Federal;11
Sorocaba, Sp;Lojão do Síndico;Companies;https://www.linkedin.com/company/loj%C3%A3o-do-s%C3%ADndico/;Varejo • Sorocaba, Sp;3
São Paulo, Sp;Sindico Profissional Marcelino;Companies;https://www.linkedin.com/company/sindico-profissional-marcelino/;Locações não residenciais • São Paulo, Sp;0
Belo Horizonte, Minas Gerais;313234-6923 Casa Do Síndico Bh 312512-6923;Companies;https://www.linkedin.com/company/313234-6923-casa-do-s%C3%ADndico-bh-312512-6923/;Segurança e investigações • Belo Horizonte, Minas Gerais;7
Sao Jose Dos Campos, São Paulo;Agencia Adyana Servicos Auxiliares Ao Sindico;Companies;https://www.linkedin.com/company/agencia-adyana-servicos-auxiliares-ao-sindico/;Serviços de eletricidade, gás, água e esgoto • Sao Jose Dos Campos, São Paulo;9
Guarujá, São Paulo;One Beach Síndico;Companies;https://www.linkedin.com/company/one-beach-s%C3%ADndico/;Setor imobiliário • Guarujá, São Paulo;8
Rio De Janeiro, Rj;Sindico Profissional Rio de Janeiro;Companies;https://www.linkedin.com/company/sindico-profissional-rio-de-janeiro/;Consultoria e serviços empresariais • Rio De Janeiro, Rj;0
Fortaleza, Ce;Síndico Executivo;Companies;https://www.linkedin.com/company/s%C3%ADndico-executivo/;Varejo • Fortaleza, Ce;2
Brasília, Df;Sindico Foco;Companies;https://www.linkedin.com/company/sindico-foco/;Indústrias de transformação • Brasília, Df;0
São Paulo, Sp;Sindico Profissional SP;Companies;https://www.linkedin.com/company/sindico-profissional-sp/;Contabilidade • São Paulo, Sp;1
;Sindico Profissional;Companies;https://www.linkedin.com/company/sindico-profissional-br/;Setor imobiliário;0
Balneário Camboriú, Sc;Síndico Profissional & Seg. do Trabalho;Companies;https://www.linkedin.com/company/s%C3%ADndico-profissional-&-seg.-do-trabalho/;Gabinete executivo • Balneário Camboriú, Sc;0
São José, Sc;Síndico Profissional Grande Florianópolis;Companies;https://www.linkedin.com/company/s%C3%ADndico-profissional-grande-florian%C3%B3polis/;Setor imobiliário • São José, Sc;0
Santos, Sp;Síndico Profissional em Santos;Companies;https://www.linkedin.com/company/s%C3%ADndico-profissional-em-santos/;Setor imobiliário • Santos, Sp;0
Barueri, Sp;sindico advanced;Companies;https://www.linkedin.com/company/sindico-advanced/;Setor imobiliário • Barueri, Sp;0
Belo Horizonte, Mg;Síndico Profissional em BH;Companies;https://www.linkedin.com/company/s%C3%ADndico-profissional-em-bh/;Setor imobiliário • Belo Horizonte, Mg;0
Ribeirão Preto, Sp;Sindico Ativo;Companies;https://www.linkedin.com/company/sindico-ativo/;Setor imobiliário • Ribeirão Preto, Sp;0
Caxias do Sul, Rs;Sindico de verdade;Companies;https://www.linkedin.com/company/sindico-de-verdade/;Setor imobiliário • Caxias do Sul, Rs;0
São Paulo, Sp;Síndico profissional Thiago Gomes;Companies;https://www.linkedin.com/company/s%C3%ADndico-profissional-thiago-gomes/;Gabinete executivo • São Paulo, Sp;0
Uberlândia, Mg;Síndico do Povo;Companies;https://www.linkedin.com/company/s%C3%ADndico-do-povo/;Setor imobiliário • Uberlândia, Mg;0
Santos, Sp;Sindico Legal;Companies;https://www.linkedin.com/company/sindico-legal/;Serviços jurídicos • Santos, Sp;0
Praia Grande, Sp;SINDICO CARLOS ROSA;Companies;https://www.linkedin.com/company/sindico-carlos-rosa/;Recursos renováveis e meio ambiente • Praia Grande, Sp;0
Viamão, Rs;Sindico Tri;Companies;https://www.linkedin.com/company/sindico-tri/;Consultoria e serviços empresariais • Viamão, Rs;0
São Paulo, Sp;Sindico Tarcis;Companies;https://www.linkedin.com/company/sindico-tarcis/;Setor imobiliário • São Paulo, Sp;0
Rio de Janeiro, Rj;Síndico Rodrigues;Companies;https://www.linkedin.com/company/s%C3%ADndico-rodrigues/;Contabilidade • Rio de Janeiro, Rj;0
São Paulo, Sp;Síndico Santiago de Lima;Companies;https://www.linkedin.com/company/s%C3%ADndico-santiago-de-lima/;Consultoria e serviços empresariais • São Paulo, Sp;0
Rio De Janeiro, Rj;Síndico Master;Companies;https://www.linkedin.com/company/s%C3%ADndico-master/;Contabilidade • Rio De Janeiro, Rj;0
Belo Horizonte, Mg;Síndico Profissional emBelo Horizonte;Companies;https://www.linkedin.com/company/s%C3%ADndico-profissional-embelo-horizonte/;Serviços de eletricidade, gás, água e esgoto • Belo Horizonte, Mg;0
Guarulhos, Sp;Sindico Profissional em Guarulhos;Companies;https://www.linkedin.com/company/sindico-profissional-em-guarulhos/;Serviços de eletricidade, gás, água e esgoto • Guarulhos, Sp;0
Porto Alegre, Rs;Síndico em Ação;Companies;https://www.linkedin.com/company/s%C3%ADndico-em-a%C3%A7%C3%A3o/;Varejo • Porto Alegre, Rs;0
Guarujá, Sp;Sindico Profissional Wellington;Companies;https://www.linkedin.com/company/sindico-profissional-wellington/;Serviços de eletricidade, gás, água e esgoto • Guarujá, Sp;0
Jundiaí, Sp;Sindico Solution Administração de Condomínios;Companies;https://www.linkedin.com/company/sindico-solution-administra%C3%A7%C3%A3o-de-condom%C3%ADnios/;Serviços de eletricidade, gás, água e esgoto • Jundiaí, Sp;0
Curitiba, Pr;Sindico Profissional Curitiba;Companies;https://www.linkedin.com/company/sindico-profissional-curitiba/;Varejo • Curitiba, Pr;0
Santo André, Sp;Sindico Abc;Companies;https://www.linkedin.com/company/sindico-abc/;Serviços de eletricidade, gás, água e esgoto • Santo André, Sp;0
Salvador, Ba;Síndico Profissional Em Salvador  Jorge Freitas;Companies;https://www.linkedin.com/company/s%C3%ADndico-profissional-em-salvador-jorge-freitas/;Serviços de eletricidade, gás, água e esgoto • Salvador, Ba;0
São Paulo, Sp;Sindico Para Condominios;Companies;https://www.linkedin.com/company/sindico-para-condominios/;Serviços de eletricidade, gás, água e esgoto • São Paulo, Sp;0
Juiz de Fora;SINDICO JF;Companies;https://www.linkedin.com/company/sindico-jf/;Publicação de livros e periódicos • Juiz de Fora;0
Barueri;WR Gestão de Condomínios - Síndico Profissional;Companies;https://www.linkedin.com/company/wr-gest%C3%A3o-de-condom%C3%ADnios---s%C3%ADndico-profissional/;Consultoria e serviços empresariais • Barueri;6
Joinville, Sc;Lavor Síndico Profissional;Companies;https://www.linkedin.com/company/lavor-s%C3%ADndico-profissional/;Serviços de eletricidade, gás, água e esgoto • Joinville, Sc;2
Porto Alegre;LP Síndico Profissional;Companies;https://www.linkedin.com/company/lp-s%C3%ADndico-profissional/;Setor imobiliário • Porto Alegre;5
Joinville;Leo Ozório Síndico Profissional;Companies;https://www.linkedin.com/company/leo-oz%C3%B3rio-s%C3%ADndico-profissional/;Setor imobiliário • Joinville;4
;CECW Síndico - Síndico Profissional;Companies;https://www.linkedin.com/company/cecw-s%C3%ADndico---s%C3%ADndico-profissional/;Porto Alegre;4
Indaial;RV Síndico;Companies;https://www.linkedin.com/company/rv-s%C3%ADndico/;Consultoria e serviços empresariais • Indaial;4
Joinville;RONCELLI SÍNDICO PROFISSIONAL;Companies;https://www.linkedin.com/company/roncelli-s%C3%ADndico-profissional/;Administração de serviços • Joinville;4
São Paulo;MCR Sindico Profissional;Companies;https://www.linkedin.com/company/mcr-sindico-profissional/;Setor imobiliário • São Paulo;4
São Leopoldo;Planejar Síndico Externo;Companies;https://www.linkedin.com/company/planejar-s%C3%ADndico-externo/;Setor imobiliário • São Leopoldo;4
Praia Grande;Litoral Sindico & Associados;Companies;https://www.linkedin.com/company/litoral-sindico-&-associados/;Organizações cívicas e sociais • Praia Grande;4
São Paulo;Revista Sindico News Prime;Companies;https://www.linkedin.com/company/revista-sindico-news-prime/;Publicação de livros e periódicos • São Paulo;4
São Gonçalo;Sandro Moraes - Síndico Profissional;Companies;https://www.linkedin.com/company/sandro-moraes---s%C3%ADndico-profissional/;Setor imobiliário • São Gonçalo;4
;Giovanni Gallo | Síndico Profissional;Companies;https://www.linkedin.com/company/giovanni-gallo-s%C3%ADndico-profissional/;Setor imobiliário;2
;CECW Sindico;Companies;https://www.linkedin.com/company/cecw-sindico/;Administração de serviços;3
Belo Horizonte, Mg;Fc Sindico Profissional;Companies;https://www.linkedin.com/company/fc-sindico-profissional/;Locações não residenciais • Belo Horizonte, Mg;0
Contagem, Mg;Primordial Sindico Profissional;Companies;https://www.linkedin.com/company/primordial-sindico-profissional/;Locações não residenciais • Contagem, Mg;0
Belo Horizonte, Mg;Ssc Servicos Sindico Castelo;Companies;https://www.linkedin.com/company/ssc-servicos-sindico-castelo/;Locações não residenciais • Belo Horizonte, Mg;0
São Paulo, Sp;Tony Rafacho  Oabsp 93173  Advogado E Síndico Profissional;Companies;https://www.linkedin.com/company/tony-rafacho-oabsp-93173-advogado-e-s%C3%ADndico-profissional/;Locações não residenciais • São Paulo, Sp;0
;Loja Sindico;Companies;https://www.linkedin.com/company/loja-sindico/;São Paulo, Sp;3
Betim, Mg;Cabral Sindico Profissional;Companies;https://www.linkedin.com/company/cabral-sindico-profissional/;Setor imobiliário • Betim, Mg;1
Porto Alegre, Rs;inova sindico;Companies;https://www.linkedin.com/company/inova-sindico/;Setor imobiliário • Porto Alegre, Rs;1
Barbacena, Mg;Sr. Síndico Administração Imobiliária Ltda;Companies;https://www.linkedin.com/company/sr.-s%C3%ADndico-administra%C3%A7%C3%A3o-imobili%C3%A1ria-ltda/;Consultoria e serviços empresariais • Barbacena, Mg;1
Vitória, Es;Informe Síndico Online;Companies;https://www.linkedin.com/company/informe-s%C3%ADndico-online/;Serviços de eletricidade, gás, água e esgoto • Vitória, Es;1
Guarulhos, Sp;Oaps Sindico Profissional;Companies;https://www.linkedin.com/company/oaps-sindico-profissional/;Segurança e investigações • Guarulhos, Sp;1
São Paulo, Sp;Quero Sindico Profissional;Companies;https://www.linkedin.com/company/quero-sindico-profissional/;Serviços de eletricidade, gás, água e esgoto • São Paulo, Sp;1
Porto Alegre, Rs;Spinelli Soluções Condominiais - Síndico Profissional | Suporte Técnico para Condomínios;Companies;https://www.linkedin.com/company/spinelli-solu%C3%A7%C3%B5es-condominiais---s%C3%ADndico-profissional-suporte-t%C3%A9cnico-para-condom%C3%ADnios/;Varejo • Porto Alegre, Rs;1
Porto Alegre, Rs;Metroserv Terceirização de Limpeza, Portaria e Síndico Profissional;Companies;https://www.linkedin.com/company/metroserv-terceiriza%C3%A7%C3%A3o-de-limpeza-portaria-e-s%C3%ADndico-profissional/;Segurança e investigações • Porto Alegre, Rs;1
Curitiba, Pr;Informma  Síndico Profissional  Agilidade transparência e economia na gestão de Condomínios Síndico Profissional em Curitiba Matinhos Balneário Camboriú e Florianópolis Seu condomínio com uma Equipe Profissional Multidisciplinar à disposição 24h por dia para resolução de problemas de manutenção conflitos e melhorias;Companies;https://www.linkedin.com/company/informma-s%C3%ADndico-profissional-agilidade-transpar%C3%AAncia-e-economia-na-gest%C3%A3o-de-condom%C3%ADnios-s%C3%ADndico-pr/;Serviços de eletricidade, gás, água e esgoto • Curitiba, Pr;1
;Portal Síndico Profissional Brasil;Companies;https://www.linkedin.com/company/portal-s%C3%ADndico-profissional-brasil/;Treinamento profissional e Coaching;1
Sabará, Mg;WLT SINDICO PROFISSIONAL ADMINISTRAÇÃO CONDOMINIAL;Companies;https://www.linkedin.com/company/wlt-sindico-profissional-administra%C3%A7%C3%A3o-condominial/;Varejo • Sabará, Mg;1
Barueri;Seu Sindico Profissional;Companies;https://www.linkedin.com/company/seu-sindico-profissional/;Consultoria e serviços empresariais • Barueri;1
;Mestre Síndico Treinamento;Companies;https://www.linkedin.com/company/mestre-s%C3%ADndico-treinamento/;Treinamento profissional e Coaching;0
Rio de Janeiro, Rj;TSA Sindico Profissional;Companies;https://www.linkedin.com/company/tsa-sindico-profissional/;Setor imobiliário • Rio de Janeiro, Rj;0
Natal, Rn;DIAS SÍNDICO PROFISSIONAL;Companies;https://www.linkedin.com/company/dias-s%C3%ADndico-profissional/;Gabinete executivo • Natal, Rn;0
Araraquara, Sp;Help Sindico;Companies;https://www.linkedin.com/company/help-sindico/;Consultoria e serviços empresariais • Araraquara, Sp;0
Santa Maria, Rs;MR Sindico Profissional;Companies;https://www.linkedin.com/company/mr-sindico-profissional/;Setor imobiliário • Santa Maria, Rs;0
Guarulhos, Sp;RDR Sindico;Companies;https://www.linkedin.com/company/rdr-sindico/;Consultoria e serviços empresariais • Guarulhos, Sp;0
Florianópolis, Sc;info sindico;Companies;https://www.linkedin.com/company/info-sindico/;Serviços jurídicos • Florianópolis, Sc;0
São Paulo, Sp;WBC Síndico Profissional;Companies;https://www.linkedin.com/company/wbc-s%C3%ADndico-profissional/;Consultoria e serviços empresariais • São Paulo, Sp;0
Itapema, Sc;ML sindico profissional;Companies;https://www.linkedin.com/company/ml-sindico-profissional/;Consultoria e serviços empresariais • Itapema, Sc;0
Belo Horizonte, Mg;Prime Síndico Profissional;Companies;https://www.linkedin.com/company/prime-s%C3%ADndico-profissional/;Serviços e consultoria de TI • Belo Horizonte, Mg;0
Toledo, Pr;Jacob Síndico Profissional;Companies;https://www.linkedin.com/company/jacob-s%C3%ADndico-profissional/;Consultoria e serviços empresariais • Toledo, Pr;0
Recife, Pe;O Síndico;Companies;https://www.linkedin.com/company/o-s%C3%ADndico/;Consultoria e serviços empresariais • Recife, Pe;0
São Paulo, Sp;Oliveira Sindico;Companies;https://www.linkedin.com/company/oliveira-sindico/;Setor imobiliário • São Paulo, Sp;0
Canoas, Rs;FT Síndico profissional;Companies;https://www.linkedin.com/company/ft-s%C3%ADndico-profissional/;Setor imobiliário • Canoas, Rs;0
Americana, Sp;EM Síndico Profissional;Companies;https://www.linkedin.com/company/em-s%C3%ADndico-profissional/;Gabinete executivo • Americana, Sp;0
Rio De Janeiro, Rj;Mv Síndico Profissional;Companies;https://www.linkedin.com/company/mv-s%C3%ADndico-profissional/;Bens de consumo • Rio De Janeiro, Rj;0
Ipatinga, Mg;Kesley Síndico Profissional;Companies;https://www.linkedin.com/company/kesley-s%C3%ADndico-profissional/;Consultoria e serviços empresariais • Ipatinga, Mg;0
Joinville, Sc;VDMcondos - Síndico Profissional;Companies;https://www.linkedin.com/company/vdmcondos---s%C3%ADndico-profissional/;Serviços de eletricidade, gás, água e esgoto • Joinville, Sc;0
Porto Alegre, Rs;Sete Síndico;Companies;https://www.linkedin.com/company/sete-s%C3%ADndico/;Serviços de eletricidade, gás, água e esgoto • Porto Alegre, Rs;0
São Paulo, Sp;Atrio  Síndico Profissional;Companies;https://www.linkedin.com/company/atrio-s%C3%ADndico-profissional/;Serviços de eletricidade, gás, água e esgoto • São Paulo, Sp;0
João Pessoa, Pb;Pax - Síndico Profissional;Companies;https://www.linkedin.com/company/pax---s%C3%ADndico-profissional/;Varejo • João Pessoa, Pb;0
São Caetano Do Sul, Sp;SAP Síndico Profissional  Profissionalize seu Condomínio  Redução de Custos e Despesas;Companies;https://www.linkedin.com/company/sap-s%C3%ADndico-profissional-profissionalize-seu-condom%C3%ADnio-redu%C3%A7%C3%A3o-de-custos-e-despesas/;Serviços de eletricidade, gás, água e esgoto • São Caetano Do Sul, Sp;0
São Caetano Do Sul, Sp;Seu Sindico Abc;Companies;https://www.linkedin.com/company/seu-sindico-abc/;Serviços de eletricidade, gás, água e esgoto • São Caetano Do Sul, Sp;0
Santo André, Sp;Nosso Síndico.com;Companies;https://www.linkedin.com/company/nosso-s%C3%ADndico.com/;Contabilidade • Santo André, Sp;0
Fortaleza, Ce;SINDPRO Sindico Profissional;Companies;https://www.linkedin.com/company/sindpro-sindico-profissional/;Varejo • Fortaleza, Ce;0
;VILLA SÍNDICO profissional  página inicial;Companies;https://www.linkedin.com/company/villa-s%C3%ADndico-profissional-p%C3%A1gina-inicial/;Barueri, Sp;0
Guarulhos, Sp;Corrêa Síndico profissional;Companies;https://www.linkedin.com/company/corr%C3%AAa-s%C3%ADndico-profissional/;Varejo • Guarulhos, Sp;0
São Paulo, Sp;VOCÊ SÍNDICO;Companies;https://www.linkedin.com/company/voc%C3%AA-s%C3%ADndico/;Contabilidade • São Paulo, Sp;0
Curitiba, Pr;Alder - Síndico Profissional - Condomínios;Companies;https://www.linkedin.com/company/alder---s%C3%ADndico-profissional---condom%C3%ADnios/;Serviços de eletricidade, gás, água e esgoto • Curitiba, Pr;0
Campinas, Sp;Condoflix  Sindico Profissional;Companies;https://www.linkedin.com/company/condoflix-sindico-profissional/;Serviços de eletricidade, gás, água e esgoto • Campinas, Sp;0
Caxias do Sul, Rs;Conect Síndico;Companies;https://www.linkedin.com/company/conect-s%C3%ADndico/;Varejo • Caxias do Sul, Rs;0
Caxias do Sul, Rs;Priorittá Síndico Profissional;Companies;https://www.linkedin.com/company/prioritt%C3%A1-s%C3%ADndico-profissional/;Serviços de eletricidade, gás, água e esgoto • Caxias do Sul, Rs;0
São Paulo, Sp;ARM Síndico Profissional;Companies;https://www.linkedin.com/company/arm-s%C3%ADndico-profissional/;Serviços de eletricidade, gás, água e esgoto • São Paulo, Sp;0
Balneário Camboriú, Sc;Valor Síndico Profissional;Companies;https://www.linkedin.com/company/valor-s%C3%ADndico-profissional/;Serviços de eletricidade, gás, água e esgoto • Balneário Camboriú, Sc;0
Porto Alegre, Rs;MSL Síndico Profissional;Companies;https://www.linkedin.com/company/msl-s%C3%ADndico-profissional/;Varejo • Porto Alegre, Rs;0
Belo Horizonte, Mg;Atlantis Síndico Profissional;Companies;https://www.linkedin.com/company/atlantis-s%C3%ADndico-profissional/;Varejo • Belo Horizonte, Mg;0
Jaboatão dos Guararapes;Faustino - Síndico Profissional;Companies;https://www.linkedin.com/company/faustino---s%C3%ADndico-profissional/;Consultoria e serviços empresariais • Jaboatão dos Guararapes;0
São Paulo, Sp;Leader Work Síndico Profissional;Companies;https://www.linkedin.com/company/leader-work-s%C3%ADndico-profissional/;Contabilidade • São Paulo, Sp;1
Joinville, Sc;Chame o Síndico;Companies;https://www.linkedin.com/company/chame-o-s%C3%ADndico/;Setor imobiliário • Joinville, Sc;0
Belo Horizonte, Mg;Guia do Síndico BH;Companies;https://www.linkedin.com/company/guia-do-s%C3%ADndico-bh/;Serviços de publicidade • Belo Horizonte, Mg;0
Belo Horizonte, Mg;Loja do Síndico Ltda;Companies;https://www.linkedin.com/company/loja-do-s%C3%ADndico-ltda/;Varejo • Belo Horizonte, Mg;0
;Café com Síndico;Companies;https://www.linkedin.com/company/caf%C3%A9-com-s%C3%ADndico/;Americana, Sp;0
Aracaju, Se;Jornal do Síndico - Aracaju;Companies;https://www.linkedin.com/company/jornal-do-s%C3%ADndico---aracaju/;Varejo • Aracaju, Se;0
Lavras, Mg;FHC Condomínio - Síndico Profissional;Companies;https://www.linkedin.com/company/fhc-condom%C3%ADnio---s%C3%ADndico-profissional/;Serviços de eletricidade, gás, água e esgoto • Lavras, Mg;0
São Paulo, Sp;Blog do Síndico  blogodosindicocombr;Companies;https://www.linkedin.com/company/blog-do-s%C3%ADndico-blogodosindicocombr/;Serviços financeiros • São Paulo, Sp;0
São Paulo, Sp;Lotti Condominial  Síndico Profissional  Consultoria;Companies;https://www.linkedin.com/company/lotti-condominial-s%C3%ADndico-profissional-consultoria/;Imóveis comerciais • São Paulo, Sp;0
Campinas, Sp;Consulte o Sindico;Companies;https://www.linkedin.com/company/consulte-o-sindico/;Educação à distância • Campinas, Sp;0
Santos, Sp;Walter Peres  Sindico Profissional  Sindico Profissional Com Certificação Síndico 5 Estrelas Para Atuação Na Baixada Santista;Companies;https://www.linkedin.com/company/walter-peres-sindico-profissional-sindico-profissional-com-certifica%C3%A7%C3%A3o-s%C3%ADndico-5-estrelas-para-atua/;Serviços de eletricidade, gás, água e esgoto • Santos, Sp;0
Atibaia, Sp;JTR Assessoria - Sindico Profissional;Companies;https://www.linkedin.com/company/jtr-assessoria---sindico-profissional/;Serviços de eletricidade, gás, água e esgoto • Atibaia, Sp;0
Santos;Move It - Síndico Profissional;Companies;https://www.linkedin.com/company/move-it---s%C3%ADndico-profissional/;Consultoria e serviços empresariais • Santos;0
Americana, Sp;B & S Sindico Condominial;Companies;https://www.linkedin.com/company/b-&-s-sindico-condominial/;Imóveis comerciais • Americana, Sp;1
São Paulo, Sp;Vertical Serviços Condominiais - Síndico Profissional;Companies;https://www.linkedin.com/company/vertical-servi%C3%A7os-condominiais---s%C3%ADndico-profissional/;Contabilidade • São Paulo, Sp;0
Juiz de Fora, Mg;Resende Consultoria Predial e Síndico Profissional;Companies;https://www.linkedin.com/company/resende-consultoria-predial-e-s%C3%ADndico-profissional/;Gabinete executivo • Juiz de Fora, Mg;0
Rio De Janeiro, Rj;SPC Condomínio  SPC Locação   Sr Sindico ou Locador Conheça a solução para acabar com a inadimplência;Companies;https://www.linkedin.com/company/spc-condom%C3%ADnio-spc-loca%C3%A7%C3%A3o-sr-sindico-ou-locador-conhe%C3%A7a-a-solu%C3%A7%C3%A3o-para-acabar-com-a-inadimpl%C3%AAncia/;Serviços financeiros • Rio De Janeiro, Rj;0
Curitiba, Pr;Up Tower - Administração de Condomínio - Gestão Condominial - Sindico Profissional em Curitiba PR;Companies;https://www.linkedin.com/company/up-tower---administra%C3%A7%C3%A3o-de-condom%C3%ADnio---gest%C3%A3o-condominial---sindico-profissional-em-curitiba-pr/;Serviços de eletricidade, gás, água e esgoto • Curitiba, Pr;0
